"KMeanLabel","long_ref","lat_ref","st_width","length","start_point_lat","start_point_long","end_point_lat","end_point_long","accident_no","speed_lim","construction_no","event_no","congestion_no","delays_no","vehicle_breakdown_no","fire_no","signal_problem_no","weather_incident_no"
"1",-73.9356519316048,40.8362205468381,27.4838709677419,0.0843714460286131,40.8358036911323,-73.935698328869,40.8366374025439,-73.9356055343406,0.903225806451613,26.9354838709677,1.09677419354839,0,0.032258064516129,0,0,0.0645161290322581,0.290322580645161,0
"2",-73.9864490516887,40.7384922635722,37.6,0.0569583652743854,40.7384624556074,-73.9868001913825,40.738522071537,-73.986097911995,3.32,25,0.62,1.34,0.02,0,0,0.02,0,0
"3",-73.9539858205252,40.7814845664649,42.6842105263158,0.0685160323196218,40.7814796214807,-73.954464533394,40.7814895114491,-73.9535071076563,2.13157894736842,25,0.105263157894737,0.210526315789474,0.0263157894736842,0,0,0,0,0
"4",-74.0073987737107,40.7245042613367,38.1428571428571,0.0475957172900235,40.7243603439801,-74.0072513835181,40.7246481786934,-74.0075461639032,2.08928571428571,25,0.196428571428571,0.678571428571429,0.160714285714286,0.0178571428571429,0,0,0,0
"5",-73.9817069105338,40.7776711270081,43.6666666666667,0.0655104560828791,40.7773521241989,-73.9814618437097,40.7779901298173,-73.981951977358,3.61538461538462,25,5.61538461538461,1.07692307692308,0,0,0,0.128205128205128,0.128205128205128,0.0769230769230769
"6",-73.9395979249667,40.8068843130946,36.8421052631579,0.0573136111017385,40.8068240955584,-73.9399773219276,40.8069445306307,-73.9392185280058,4.94736842105263,25,1.84210526315789,1.52631578947368,0.210526315789474,0.157894736842105,0,0.184210526315789,0.5,0.131578947368421
"7",-73.9933982518364,40.7135342317717,33.8349514563107,0.0383322565984985,40.7135645145896,-73.9935570594699,40.7135039489538,-73.9932394442028,1.07766990291262,25.2912621359223,0.718446601941748,0.106796116504854,0,0,0.106796116504854,0.029126213592233,0,0
"8",-73.9212407599892,40.8612231183822,48.1621621621622,0.0445249100788778,40.8610111480932,-73.921214863182,40.8614350886712,-73.9212666567963,1.2972972972973,25,0,0,0,0,0,0,0,0
"9",-73.9248842094365,40.7912603531727,28.1666666666667,0.048828567077073,40.7912747609095,-73.9248304252717,40.7912459454359,-73.9249379936012,0.259259259259259,25,0.814814814814815,0,0.0185185185185185,1.7962962962963,0.037037037037037,0,0,0
"10",-73.9683915560479,40.7560355057556,50.7692307692308,0.0937273246621516,40.7561216060794,-73.9690806370831,40.7559494054319,-73.9677024750127,6.96153846153846,25,1.34615384615385,1.07692307692308,0.0384615384615385,0.0384615384615385,0.0384615384615385,0.230769230769231,0,0
"11",-74.008321004221,40.7037950640731,29.2857142857143,0.0454923915584998,40.7037031680941,-74.0086125647538,40.7038869600521,-74.0080294436881,1.69387755102041,27.1428571428571,1.44897959183673,0.938775510204082,0,0.0816326530612245,0.122448979591837,0.0204081632653061,0,0.0204081632653061
"12",-73.9952069223527,40.7574006123024,34.2083333333333,0.0319737322240952,40.7573052978842,-73.9951435964042,40.7574959267206,-73.9952702483012,3.01388888888889,25,0.145833333333333,0.1875,0.138888888888889,0.0694444444444444,0,0.0208333333333333,0,0.0486111111111111
"13",-73.9670730406257,40.799548992157,43.15625,0.0781185397237018,40.7992016093655,-73.9667131468047,40.7998963749487,-73.9674329344467,1.6875,25,0.25,0.875,0,0,0,0,0.03125,0
"14",-73.9714381463526,40.7133645077295,20.5,0.0799805841652285,40.7135789253469,-73.972145747707,40.7131500901121,-73.9707305449982,199,35,357.333333333333,48.25,0.75,291.583333333333,116.25,10.8333333333333,5,4.5
"15",-73.9422568184473,40.8493698930303,28.1954022988506,0.0289830691742609,40.8493073346813,-73.9422596486791,40.8494324513792,-73.9422539882154,0.0747126436781609,39.6264367816092,0,0,0,0,0,0,0,0
"16",-73.9416175372122,40.8297956059441,44.8918918918919,0.0630712010119501,40.8294620980479,-73.9415305005882,40.8301291138403,-73.9417045738361,1.7027027027027,25,1.56756756756757,1.27027027027027,0.027027027027027,0,0.027027027027027,0.162162162162162,0.108108108108108,0.027027027027027
"17",-73.9581113140427,40.821157491939,35.7692307692308,0.0486613169721039,40.820952952884,-73.9581419623001,40.8213620309941,-73.9580806657853,0.730769230769231,25,2.51923076923077,0.384615384615385,0,0.0961538461538462,0.173076923076923,0.0576923076923077,0.0192307692307692,0.0576923076923077
"18",-73.9751003497577,40.7547763386722,39.9183673469388,0.0559325426915094,40.7546931563449,-73.9754570716675,40.7548595209995,-73.9747436278479,4.36734693877551,25,1.14285714285714,1.53061224489796,0.0204081632653061,0,0,0.0816326530612245,0,0.102040816326531
"19",-73.9490620557693,40.7709156184515,38.1666666666667,0.0816102596281934,40.7708310815617,-73.9496187011702,40.7710001553414,-73.9485054103685,2.33333333333333,25,3.86111111111111,1.75,0.138888888888889,0.194444444444444,0.166666666666667,0.388888888888889,0.194444444444444,0.0277777777777778
"20",-74.0045731356772,40.7388298512962,37.7910447761194,0.0489103289175,40.7386426296383,-74.00438949724,40.7390170729542,-74.0047567741144,2.61194029850746,24.4776119402985,3.56716417910448,0.82089552238806,0,0,0,0.0447761194029851,0.208955223880597,0.0149253731343284
"21",-73.9748842579466,40.7299950914735,31.8928571428571,0.055212539942875,40.7298288908169,-73.9749574080398,40.7301612921301,-73.9748111078533,2.85714285714286,24.9107142857143,2.80357142857143,0.232142857142857,0,0.535714285714286,1.41071428571429,0.142857142857143,0,0
"22",-73.9627161533444,40.760583870841,39.15,0.0462574370431467,40.7606254996511,-73.963015515206,40.760542242031,-73.9624167914828,5.2375,33.875,0.6,0.4375,0.0625,0.025,0.0625,0.05,0,0
"23",-73.9303409436348,40.8014792220949,28.2388059701493,0.0326493978001768,40.8013859755479,-73.9303955892185,40.8015724686418,-73.9302862980511,2.84328358208955,28.8059701492537,17.2164179104478,0.940298507462687,0.298507462686567,6.46268656716418,0.746268656716418,0.291044776119403,0.619402985074627,0.432835820895522
"24",-73.9522673850989,40.8124878483597,43.6744186046512,0.0656282753849188,40.8121717967327,-73.9520396365894,40.8128038999868,-73.9524951336085,3.72093023255814,25,7.44186046511628,0.325581395348837,0,0,0,0.232558139534884,0.162790697674419,0.0232558139534884
"25",-73.9882273416347,40.7224832662995,39.6538461538462,0.0597622377389811,40.7224069213883,-73.9885986882843,40.7225596112107,-73.987855994985,2.13461538461538,23.5576923076923,1.05769230769231,0.173076923076923,0,0,0,0.0576923076923077,0,0
"26",-73.9123477304542,40.8719588795911,34.25,0.0509968057818964,40.8717084399155,-73.9123689430619,40.8722093192668,-73.9123265178464,0.583333333333333,25,0,0,0,0,0,0,0,0
"27",-73.9445550418388,40.7950245470914,36.7906976744186,0.0597532389653833,40.7949866789414,-73.9449598668706,40.7950624152414,-73.9441502168071,2.09302325581395,25,0.302325581395349,0.0697674418604651,0,0,0,0.0465116279069767,0,0.0232558139534884
"28",-73.9751256866134,40.746246334628,40.7121212121212,0.0509142148083512,40.746272495327,-73.9753445927701,40.746220173929,-73.9749067804568,4.96969696969697,25,0.954545454545455,0.106060606060606,0.0454545454545455,0.181818181818182,0.136363636363636,0.121212121212121,0,0
"29",-73.9604891397364,40.7771960821805,40.2564102564103,0.0600296870720385,40.7771344306019,-73.960886796333,40.7772577337591,-73.9600914831398,2.02564102564103,25,0.692307692307692,0.666666666666667,0.0512820512820513,0.0256410256410256,0,0.102564102564103,0,0
"30",-74.0223970177203,40.6859944606967,22.1538461538462,0.124253187915536,40.6863093477626,-74.0216111866717,40.6856795736308,-74.0231828487688,0,25,0,0,0,0,0,0,0,0
"31",-73.9716721139721,40.7894903067511,42,0.0876189670714784,40.7891263612588,-73.9712000051834,40.7898542522434,-73.9721442227609,2.56,25,19.04,2.76,0.08,0.36,0.12,0.2,0.6,0.44
"32",-73.9487426960271,40.8233980901061,38.9714285714286,0.0718208240671673,40.8230756302476,-73.9485353567881,40.8237205499647,-73.9489500352662,1.8,25,0.285714285714286,0.485714285714286,0,0,0,0.0285714285714286,0,0
"33",-73.9348993201373,40.8136428244384,31.0941176470588,0.0399453759553767,40.8134786677848,-73.9350082786412,40.813806981092,-73.9347903616333,2.69411764705882,28.8235294117647,4.55294117647059,0.6,0.0117647058823529,4.05882352941176,0.411764705882353,0.0705882352941176,0.141176470588235,0.0235294117647059
"34",-73.9346993052888,40.8477156473885,41.1095890410959,0.0469366817635044,40.8476069577738,-73.9347228318992,40.8478243370032,-73.9346757786784,1.17808219178082,23.7671232876712,0,0,0,0,0,0,0,0
"35",-73.9954377886059,40.7296587372943,33.2083333333333,0.0537452062492914,40.729484315344,-73.9955130179298,40.7298331592446,-73.995362559282,1.22916666666667,25,0.104166666666667,1.25,0.0208333333333333,0,0,0.0208333333333333,0,0
"36",-74.0016078452227,40.7091644399164,32.1969696969697,0.047706081072507,40.7091621208923,-74.0017504985254,40.7091667589405,-74.0014651919199,2.18181818181818,26.6666666666667,18.969696969697,4.16666666666667,0.0151515151515152,0.378787878787879,1,0.409090909090909,1.42424242424242,1.03030303030303
"37",-74.0076721847557,40.7115435113341,33.7358490566038,0.0478976702609189,40.7114144072103,-74.0077685496439,40.7116726154578,-74.0075758198676,6.92452830188679,25,5.33962264150943,2.15094339622642,0.0754716981132075,0.0566037735849057,0,0.0377358490566038,1.26415094339623,0.113207547169811
"38",-73.989693257605,40.7741880273882,46.6363636363636,0.0852595768942591,40.7737414667074,-73.9896822471956,40.774634588069,-73.9897042680144,1.78787878787879,26.5151515151515,6.42424242424242,1.84848484848485,0,0.0909090909090909,0,0.0303030303030303,0.0303030303030303,0.0303030303030303
"39",-73.9831766485823,40.7165082813024,39.3636363636364,0.0392740305490772,40.7164622486608,-73.9833921014738,40.716554313944,-73.9829611956909,0.636363636363636,25.5454545454545,0.0545454545454545,0.0545454545454545,0,0,0,0,0,0
"40",-73.982510780372,40.7634612824617,47.6341463414634,0.0664548072271948,40.763158261653,-73.9822436165291,40.7637643032705,-73.982777944215,5.51219512195122,25,0.634146341463415,1.29268292682927,0.024390243902439,0,0,0.121951219512195,0.170731707317073,0
"41",-74.0153516922436,40.7087607830955,32.5,0.0378078601756634,40.7086177395638,-74.0152843915724,40.7089038266272,-74.0154189929148,1.59722222222222,25,5.15277777777778,0.611111111111111,0.0138888888888889,0.125,0.111111111111111,0.0138888888888889,0.0694444444444444,0.0694444444444444
"42",-73.9983736986222,40.7584494800147,39.875,0.0489631533944203,40.7582729458411,-73.9980945393948,40.7586260141883,-73.9986528578495,3.42857142857143,25.1785714285714,0.321428571428571,0.553571428571429,0.285714285714286,0.0535714285714286,0,0.0357142857142857,0,0
"43",-73.964585482801,40.7697143763597,40.0952380952381,0.0610920698401638,40.7696898921692,-73.9650045318642,40.7697388605502,-73.9641664337378,2.02380952380952,25,0.571428571428571,1.28571428571429,0.0476190476190476,0,0,0,0,0
"44",-73.9318287984205,40.8577222824963,38.8108108108108,0.0772747082393132,40.8574078092019,-73.9320200602986,40.8580367557908,-73.9316375365425,1.32432432432432,23.6486486486486,0,0,0,0,0,0,0,0
"45",-73.984569574916,40.7480715358827,43,0.0868302019323126,40.747884786038,-73.9845989691413,40.7482582857274,-73.9845401806907,8.06896551724138,25,2,2.3448275862069,0.103448275862069,0,0,0.206896551724138,0,0.0344827586206897
"46",-73.9444746011453,40.7797085699487,35.1282051282051,0.0708375198432924,40.7794964161479,-73.9447105417376,40.7799207237495,-73.944238660553,27.2820512820513,25,23.1794871794872,1.43589743589744,0.0256410256410256,5.15384615384615,16.8461538461538,1.48717948717949,0,0.58974358974359
"47",-73.9934864643246,40.7207322654248,38.7843137254902,0.0434284345495129,40.7205579968378,-73.9935939160691,40.7209065340117,-73.9933790125802,3.19607843137255,25,0.0980392156862745,0,0,0,0,0,0.0196078431372549,0
"48",-73.9799716913746,40.7354029355368,42.8888888888889,0.0511657810562426,40.7354153128105,-73.9803121101341,40.735390558263,-73.979631272615,2.33333333333333,25,0.314814814814815,0.462962962962963,0.0555555555555556,0,0,0.0740740740740741,0,0
"49",-74.0012068763395,40.728541701525,33.7164179104478,0.0508984326857461,40.7283079049371,-74.0011487926734,40.7287754981129,-74.0012649600056,2.19402985074627,25,20.5074626865672,2.02985074626866,0.0447761194029851,0.104477611940299,0,0.17910447761194,0.880597014925373,0.597014925373134
"50",-73.9548193736011,40.7998128912887,36.9714285714286,0.0715311244951418,40.7995276813814,-73.9545479084466,40.800098101196,-73.9550908387557,0.628571428571429,25,0.257142857142857,0.342857142857143,0.0285714285714286,0,0,0.0571428571428571,0,0
"51",-74.0003167118864,40.750469360921,46,0.0672461847363753,40.7501998057288,-74.0000001921735,40.7507389161132,-74.0006332315992,3.68888888888889,25,4.42222222222222,5.15555555555556,0.177777777777778,0.222222222222222,0.0444444444444444,0.0222222222222222,0,0.0888888888888889
"52",-74.018177717187,40.6914809302024,18.5454545454545,0.0489998739923689,40.691509824482,-74.0179194210717,40.6914520359228,-74.0184360133023,0,25,0,0,0,0,0,0,0,0
"53",-73.9275804122447,40.7818227048904,30.4444444444444,0.0906944940049496,40.782103265106,-73.927831903711,40.7815421446749,-73.9273289207785,110.5,25,262.277777777778,24.2777777777778,3.94444444444444,102.222222222222,31.1666666666667,6.55555555555556,8.77777777777778,8.27777777777778
"54",-74.0005924619061,40.7194557931336,37.3921568627451,0.0546846225011233,40.719250059875,-74.0007236085048,40.7196615263922,-74.0004613153073,5.6078431372549,25,11.9607843137255,2.72549019607843,0.215686274509804,0.156862745098039,0,0.196078431372549,0.666666666666667,0.196078431372549
"55",-73.956145771781,40.7565714175512,24.0689655172414,0.0450353428649011,40.7566904538505,-73.956157638298,40.756452381252,-73.956133905264,1.03448275862069,31.2068965517241,4.6551724137931,3.55172413793103,0,0.344827586206897,0.137931034482759,0.482758620689655,0.137931034482759,0
"56",-73.9637137524551,40.8105739647237,38.8837209302326,0.0740860070642452,40.8101525074396,-73.9639542225873,40.8109954220078,-73.963473282323,2.04651162790698,25,6.6046511627907,0.697674418604651,0.0232558139534884,1.3953488372093,0.348837209302326,0.13953488372093,0.0232558139534884,0.0930232558139535
"57",-73.9386554479605,40.7974898825483,51.4,0.0934993374782769,40.7975550733223,-73.9393352845985,40.7974246917744,-73.9379756113225,3.3,25,0.5,1,0,0,0,0.0333333333333333,0,0
"58",-73.9364055725425,40.8252925840648,35.9166666666667,0.0708872732335225,40.8248697061589,-73.9363727159227,40.8257154619707,-73.9364384291623,2.72222222222222,25,6.52777777777778,0,0.0277777777777778,5.72222222222222,0.944444444444444,0.0555555555555556,0.222222222222222,0
"59",-73.9836401727353,40.7852782391775,32.6451612903226,0.0715920264965294,40.7849753852287,-73.9836383586466,40.7855810931262,-73.983641986824,3.03225806451613,25,8.29032258064516,1.38709677419355,0.0967741935483871,1.2258064516129,0.354838709677419,0.129032258064516,0.032258064516129,0.032258064516129
"60",-73.9496061836878,40.8288819323078,34.8363636363636,0.0633418591465171,40.8285547106637,-73.9495361357257,40.8292091539519,-73.9496762316499,2.98181818181818,25,2.01818181818182,0.0181818181818182,0,0.0909090909090909,0.527272727272727,0.109090909090909,0.0181818181818182,0
"61",-73.9239779274071,40.8669787818344,43.0322580645161,0.079804463192182,40.8666351532453,-73.9242645155202,40.8673224104235,-73.923691339294,2.61290322580645,20.6451612903226,0,0,0,0,0,0,0,0
"62",-73.9195035916134,40.79108748269,21.8153846153846,0.0372158178780387,40.7911420475835,-73.9196837922601,40.7910329177963,-73.9193233909668,8.01538461538462,25,27.9846153846154,1.03076923076923,0.323076923076923,39.4461538461538,3.04615384615385,0.4,0,2.36923076923077
"63",-73.9487109999011,40.7895766847938,37.2631578947368,0.0636670782359451,40.7895172743837,-73.9491343877992,40.789636095204,-73.9482876120029,2.23684210526316,25,0.973684210526316,1.60526315789474,0,0.0263157894736842,0,0.263157894736842,0.157894736842105,0.0263157894736842
"64",-73.9764859403879,40.7902082362373,41.2075471698113,0.0803316935937108,40.7898008219964,-73.9764196098868,40.7906156504782,-73.976552270889,1.52830188679245,25,0.754716981132076,0.490566037735849,0.0188679245283019,0.0754716981132075,0,0,0,0
"65",-73.9720208382844,40.7627204124041,44.8139534883721,0.0581681604376674,40.7626285001156,-73.9723576953759,40.7628123246926,-73.9716839811929,9.67441860465116,25,1.23255813953488,4.04651162790698,0.13953488372093,0.116279069767442,0.0232558139534884,0.116279069767442,0.186046511627907,0.0232558139534884
"66",-74.0079924255222,40.7345327216199,35.6896551724138,0.0561305497192363,40.7343727204078,-74.0077705165595,40.7346927228319,-74.0082143344849,1.06896551724138,24.9137931034483,0.706896551724138,0.482758620689655,0,0,0,0,0,0
"67",-73.9978444775973,40.7400230291045,46.0689655172414,0.116203146989465,40.739552427781,-73.9971627376615,40.740493630428,-73.9985262175332,7.93103448275862,25,12.1034482758621,4.79310344827586,0.103448275862069,0.0689655172413793,0.0344827586206897,0.517241379310345,0.206896551724138,0.0689655172413793
"68",-73.9427847306956,40.8167370105819,39.3103448275862,0.0798190026201216,40.8163977703296,-73.9423899177838,40.8170762508341,-73.9431795436074,2.3448275862069,25,0.275862068965517,0.551724137931034,0,0,0,0,0,0
"69",-73.9755273601431,40.7191526981613,29.375,0.0472320615533938,40.71893332418,-73.9756556797705,40.7193720721426,-73.9753990405158,1.5625,24.8958333333333,2.66666666666667,0.25,0.0208333333333333,0.166666666666667,0.5,0.208333333333333,0,0.0625
"70",-73.9742120500561,40.7384235239977,25.1794871794872,0.0765284541882412,40.7381868426736,-73.9745140565678,40.7386602053218,-73.9739100435445,8.76923076923077,25,16.2051282051282,3.15384615384615,0.0256410256410256,2.28205128205128,6.61538461538461,0.846153846153846,0.0256410256410256,0.282051282051282
"71",-73.930656057409,40.8464606337607,31.7822580645161,0.040171482363446,40.8463443997707,-73.9307065042834,40.8465768677507,-73.9306056105347,2.57258064516129,25,1.95161290322581,0.274193548387097,0,1.63709677419355,1.0241935483871,0.0887096774193548,0.185483870967742,0.0483870967741935
"72",-73.9436474882147,40.7895093200482,53.625,0.0720554658279901,40.7895293920696,-73.9441609464804,40.7894892480268,-73.9431340299489,3.3125,25,0.40625,0.625,0,0,0,0,0,0
"73",-73.9202771744066,40.7970593716499,29.1951219512195,0.0594444792266483,40.7970736323758,-73.9202315608108,40.797045110924,-73.9203227880024,15.1463414634146,26.280487804878,58.3414634146341,1.5,0.0975609756097561,33.2317073170732,6.85365853658537,1.02439024390244,0.817073170731707,1.98780487804878
"74",-73.9919607651797,40.7625547250273,46.6764705882353,0.0931503640529017,40.7621660098268,-73.9914665346761,40.7629434402278,-73.9924549956834,6,29.7058823529412,1.17647058823529,1.17647058823529,0.0294117647058824,0,0.0294117647058824,0.0588235294117647,0,0
"75",-73.9863601243538,40.7281288536748,45.3939393939394,0.0901355680460062,40.728225021791,-73.9870334050715,40.7280326855586,-73.9856868436361,3.6969696969697,21.969696969697,0.151515151515152,0.272727272727273,0,0,0,0.0606060606060606,0,0
"76",-74.010534916392,40.7255374491727,36.3846153846154,0.0553106763470508,40.7253147054097,-74.0103641899111,40.7257601929357,-74.010705642873,1.44230769230769,25,13.25,0.846153846153846,6.15384615384615,7.13461538461539,0.442307692307692,0,0,0.0192307692307692
"77",-73.9625554567117,40.796966664118,48.7931034482759,0.0673544393589346,40.7966319062986,-73.9624960187433,40.7973014219375,-73.96261489468,1.6551724137931,25,0.137931034482759,0.413793103448276,0,0,0,0.0344827586206897,0.103448275862069,0
"78",-73.9756706758059,40.7961364841506,29.8064516129032,0.0925385131351187,40.7957459054811,-73.9756977969832,40.7965270628202,-73.9756435546287,3.12903225806452,25,20.2903225806452,1.87096774193548,0.161290322580645,0.741935483870968,0.32258064516129,0.225806451612903,0.0967741935483871,0.387096774193548
"79",-74.0057040917148,40.7528562956009,45.84375,0.0924362350161262,40.7524026759053,-74.0054396336045,40.7533099152965,-74.0059685498252,3.0625,32.8125,1.28125,1.40625,0,0,0,0,0,0
"80",-73.9363925246767,40.8082414270744,31.5909090909091,0.0616719101706577,40.8080920181902,-73.9366553115905,40.8083908359585,-73.9361297377629,1.88636363636364,25,0.681818181818182,0,0,5,0.0454545454545455,0.0454545454545455,0,0
"81",-73.9601719423509,40.7665126939259,47.1578947368421,0.0772164055710168,40.7665500984821,-73.9607254554852,40.7664752893697,-73.9596184292166,4.34210526315789,25,1.13157894736842,1.10526315789474,0.0789473684210526,0,0,0.105263157894737,0,0
"82",-73.9460082833686,40.8381428781108,33.2142857142857,0.112120887482715,40.8375249238474,-73.9459837067373,40.8387608323743,-73.9460328599999,1.28571428571429,25.5357142857143,0,0,0,0,0,0,0,0
"83",-73.9529717952325,40.8247840441488,33.6610169491525,0.0632945793762695,40.8244726561591,-73.9529902498189,40.8250954321384,-73.9529533406461,0.949152542372881,25,0.322033898305085,0.0508474576271186,0,0,0,0.0338983050847458,0,0.0169491525423729
"84",-73.9475675171598,40.7639317971763,25.5483870967742,0.0445728141172863,40.7637635491925,-73.9475621591985,40.76410004516,-73.9475728751211,11.6774193548387,25,30.4838709677419,4.7741935483871,0.193548387096774,12.3548387096774,3.67741935483871,0.709677419354839,2.32258064516129,0.741935483870968
"85",-73.9887603936775,40.7568794822521,49.4,0.0968841481002091,40.7564749778843,-73.9882337926505,40.7572839866199,-73.9892869947044,55.7666666666667,25,16.7666666666667,21.5666666666667,9.43333333333333,4.06666666666667,0,0.766666666666667,1.1,1.13333333333333
"86",-73.9882153845099,40.7431230451512,41.5526315789474,0.0644331275919633,40.7429426836515,-73.9882619822072,40.7433034066509,-73.9881687868127,4.94736842105263,25,0.368421052631579,4.44736842105263,0,0.0263157894736842,0,0.0789473684210526,0.0263157894736842,0
"87",-73.9749182169467,40.7790372056523,47.2857142857143,0.0907729616190883,40.7785731520575,-73.9747824588144,40.7795012592471,-73.9750539750791,3.10714285714286,25,3,5.53571428571429,0.0714285714285714,0.0357142857142857,0,0.142857142857143,0.428571428571429,0.142857142857143
"88",-74.0101983730575,40.7214432566847,38.3404255319149,0.053093180009522,40.7212150794211,-74.0100194765402,40.7216714339483,-74.0103772695748,2.04255319148936,25,20.468085106383,1.78723404255319,5.23404255319149,17.7234042553191,0.148936170212766,0.106382978723404,0,0.0851063829787234
"89",-73.981935588307,40.7688756458645,51.6222222222222,0.0604792409963968,40.7685897726526,-73.9817398710874,40.7691615190763,-73.9821313055267,6.26666666666667,24.8888888888889,5.15555555555556,5.6,0.133333333333333,0.133333333333333,0.0444444444444444,0.333333333333333,0.533333333333333,0.155555555555556
"90",-74.0058623240917,40.706952409939,29.5076923076923,0.0485394370069924,40.7068687190763,-74.0061215107525,40.7070361008017,-74.0056031374309,2.13846153846154,25,0.615384615384615,1.16923076923077,0,0,0,0.0461538461538462,0,0.0615384615384615
"91",-73.9300326263102,40.8670619962531,36.8717948717949,0.056348724958827,40.8668645970712,-73.9302251482544,40.867259395435,-73.929840104366,0.948717948717949,22.4358974358974,0,0,0,0,0,0,0,0
"92",-74.0199045741343,40.7273164069489,12,0.025512110756777,40.7272794586049,-74.0196664911275,40.7273533552929,-74.0201426571412,2.16666666666667,25,1.27777777777778,4.77777777777778,0.611111111111111,42.3333333333333,2.38888888888889,0.333333333333333,3.22222222222222,1.72222222222222
"93",-73.990004335068,40.7473090252083,46,0.0833872830743181,40.7469326973014,-73.9896365993072,40.7476853531151,-73.9903720708286,97.21875,25,23.375,62.03125,7.5625,12.625,0.0625,1.59375,12.6875,11.84375
"94",-73.9284734305737,40.8540147259291,42.3529411764706,0.0989752969166314,40.8535107987945,-73.9284242562123,40.8545186530637,-73.928522604935,1,25,0,0,0,0,0,0,0,0
"95",-73.938853569849,40.8490796634629,38.0135135135135,0.0523056329025661,40.8489738794518,-73.9388738331542,40.8491854474739,-73.9388333065439,1.36486486486486,21.5540540540541,0,0,0,0,0,0,0,0
"96",-73.979413187432,40.7496790995333,33.8103448275862,0.0498625576048089,40.7496202163234,-73.9797396181616,40.7497379827431,-73.9790867567023,5.67241379310345,25,16.2586206896552,54.7931034482759,4.5,2.13793103448276,0.0344827586206897,0.517241379310345,1.46551724137931,2.17241379310345
"97",-73.9905666330927,40.7181889908754,35.5333333333333,0.0520729803767461,40.7179850494865,-73.9907401159232,40.7183929322642,-73.990393150262,2.73333333333333,25,1.53333333333333,2.48333333333333,0.0333333333333333,0.0333333333333333,0,0.166666666666667,0.45,0.0666666666666667
"98",-73.9845413720459,40.7591213852122,46.1794871794872,0.0822197751375957,40.7587627313302,-73.9841657844009,40.7594800390942,-73.9849169596909,12.8974358974359,25,7.28205128205128,6.66666666666667,0.102564102564103,0.0512820512820513,0,0.0769230769230769,0.487179487179487,0
"99",-73.9571985154469,40.8158571963301,45.2444444444444,0.0450837690366291,40.8156037253849,-73.9571697012477,40.8161106672753,-73.957227329646,2.55555555555556,25,1.02222222222222,0.488888888888889,0,0,0,0.0888888888888889,0,0
"100",-74.0032329620583,40.7336558752179,29.2340425531915,0.0542821350720493,40.7335595149473,-74.0029681463152,40.7337522354886,-74.0034977778015,3.78723404255319,22.1276595744681,12.936170212766,1.21276595744681,0,0,0,0.127659574468085,0.340425531914894,0.0851063829787234
"101",-73.9795287451783,40.7156594216378,40.1578947368421,0.0358118053202569,40.7156215676679,-73.9797339203972,40.7156972756077,-73.9793235699594,0.333333333333333,28.6842105263158,0.157894736842105,0.087719298245614,0.0175438596491228,0,0,0.0175438596491228,0,0
"102",-73.9471196019374,40.8046708207352,36.8,0.0704370180371489,40.8043564402227,-73.9468377080296,40.8049852012478,-73.9474014958452,1.5,25,0.075,0.35,0,0,0,0.05,0,0
"103",-73.9694129325226,40.7481402686148,30.453125,0.057386380058814,40.7481020441304,-73.9697428227176,40.7481784930992,-73.9690830423277,20.296875,25.234375,36.25,34.453125,1.53125,18.21875,16.96875,1.609375,1.9375,5.25
"104",-74.0075156595241,40.7436187649025,41.9302325581395,0.0529241221821061,40.7433691763161,-74.0073197078502,40.743868353489,-74.0077116111979,2.23255813953488,30.8139534883721,1.41860465116279,0.953488372093023,0,0.0232558139534884,0,0,0,0
"105",-73.946284271446,40.8128571399308,43.1428571428571,0.0598575447980807,40.8125759002449,-73.9461123278268,40.8131383796168,-73.9464562150653,1.2,25,0.257142857142857,0.0571428571428571,0,0,0,0,0,0
"106",-73.9974354713779,40.7645935273263,41.7547169811321,0.067998648817332,40.7644083764562,-73.9972280815256,40.7647786781964,-73.9976428612303,3.66037735849057,34.811320754717,1.22641509433962,1.18867924528302,0.0188679245283019,0.0188679245283019,0,0,0,0
"107",-73.9586413427587,40.780936367084,40.3255813953488,0.0666749891086015,40.7808279824195,-73.959010310742,40.7810447517484,-73.9582723747755,2.48837209302326,25,1.55813953488372,1.67441860465116,0,0.0465116279069767,0,0.0232558139534884,0.0930232558139535,0.116279069767442
"108",-73.9904446709916,40.7297052385923,37.9672131147541,0.0465941550034577,40.7296628760386,-73.9907480692915,40.7297476011459,-73.9901412726917,2.36065573770492,25,3.70491803278689,4.68852459016393,0.0163934426229508,0.0655737704918033,0,0.245901639344262,0.229508196721311,0.163934426229508
"109",-73.9964349261745,40.7163733663398,37.7333333333333,0.0554155362607007,40.7161850272568,-73.9965125911541,40.7165617054229,-73.9963572611949,3.53333333333333,27.4444444444444,0.177777777777778,7,0.0222222222222222,0,0,0,0,0.0222222222222222
"110",-73.9397572471929,40.8396696206031,41.7333333333333,0.0563832443738178,40.8393837971806,-73.9396244683456,40.8399554440256,-73.9398900260402,1.21666666666667,25,0,0,0,0,0,0,0,0
"111",-74.0120232382641,40.7141386980387,39.5454545454545,0.0582767941471168,40.7138377368278,-74.011859169903,40.7144396592496,-74.0121873066253,1.81818181818182,25,1.51515151515152,1.12121212121212,0,0,0,0,0,0
"112",-73.9836635442733,40.7423268487141,38.5,0.0564439157928328,40.7422745374089,-73.9840392411347,40.7423791600192,-73.9832878474118,2.56,25,0.2,0.92,0.02,0,0,0.02,0,0
"113",-73.9249418300802,40.7994280752146,28.9180327868852,0.0313561827541726,40.79949593364,-73.9250060465548,40.7993602167894,-73.9248776136057,0.245901639344262,29.1803278688525,0.819672131147541,0,0,1.18032786885246,0.0491803278688525,0.0163934426229508,0,0.0327868852459016
"114",-73.9324629866003,40.7961035846146,45.2105263157895,0.0841526766320276,40.7960010942631,-73.93296917152,40.7962060749661,-73.9319568016807,4.34210526315789,30.1315789473684,2.65789473684211,0.394736842105263,0,2.63157894736842,1.21052631578947,0.105263157894737,0,0.0789473684210526
"115",-73.9939830771425,40.7697897267373,38.7142857142857,0.0691204499251123,40.7694797310914,-73.9938029821883,40.7700997223831,-73.9941631720967,2.28571428571429,37.5892857142857,1.66071428571429,1.57142857142857,0.0357142857142857,0.267857142857143,0.0535714285714286,0.0357142857142857,0,0.0178571428571429
"116",-73.9152659144523,40.8700968678056,44.2413793103448,0.0554300777000383,40.8698429656248,-73.9151980330067,40.8703507699863,-73.915333795898,1.13793103448276,23.9655172413793,0,0,0,0,0,0,0,0
"117",-74.00389476133,40.7116836156032,27.2875,0.0329159364808105,40.7116545406052,-74.003989936964,40.7117126906013,-74.003799585696,1.7625,27.1875,4.0875,0.6125,0,0.025,0.2875,0.075,0.2875,0.0125
"118",-74.002654238391,40.7595472347868,40.75,0.0496948834444288,40.7593117564967,-74.0025589047737,40.7597827130769,-74.0027495720082,7.0625,32.9166666666667,26.6875,5.04166666666667,18.75,40.4375,1.95833333333333,0.0833333333333333,0,0.0833333333333333
"119",-73.9689820312698,40.8023145624733,35.1739130434783,0.0776912044507442,40.8018688736858,-73.9690643452662,40.8027602512608,-73.9688997172735,0.739130434782609,25,1.73913043478261,0.5,0.0652173913043478,0.0869565217391304,0,0.0434782608695652,0,0.0217391304347826
"120",-73.9918843311401,40.7095663597823,31.4,0.0362595128105017,40.7097287883083,-73.992064963244,40.7094039312563,-73.9917036990361,14.7142857142857,31.7142857142857,52.5428571428571,6.62857142857143,0.0142857142857143,11.0857142857143,10.8571428571429,0.757142857142857,0.4,0.614285714285714
"121",-73.9445177358284,40.8268470235665,41.5135135135135,0.0713413878803814,40.8265010287019,-73.9443566762399,40.8271930184311,-73.9446787954168,2.35135135135135,25,8.94594594594595,0.027027027027027,0,0.027027027027027,0,0.162162162162162,0.162162162162162,0.0810810810810811
"122",-73.9432739256061,40.784303116224,34.78,0.0607158640717518,40.7841866530833,-73.9436532648444,40.7844195793646,-73.9428945863677,1.82,25,0.66,0.02,0.02,0.08,0.02,0.02,0,0
"123",-73.9540361211171,40.8084762221324,42.8510638297872,0.0560125884952635,40.8082026803912,-73.9538645034055,40.8087497638736,-73.9542077388288,1.42553191489362,25,0.170212765957447,0.0425531914893617,0,0,0,0,0,0
"124",-73.9558044015914,40.785075975111,38.8947368421053,0.068957310434742,40.7849661602107,-73.956218921868,40.7851857900113,-73.9553898813149,1.36842105263158,25,0.368421052631579,0.710526315789474,0.184210526315789,0.0526315789473684,0,0.0263157894736842,0,0
"125",-73.9833148100822,40.7118121369271,33.4255319148936,0.0606786912716888,40.7118344909611,-73.9837494313086,40.711789782893,-73.9828801888558,0.787234042553192,25,2.85106382978723,0.787234042553192,0.0212765957446809,0.0638297872340425,0.170212765957447,0.106382978723404,0.319148936170213,0
"126",-74.0110333955049,40.6894411712247,19.4615384615385,0.0687271148330055,40.6892934810584,-74.0107515175592,40.6895888613909,-74.0113152734507,0,31.9230769230769,0,0,0,0,0,0,0,0
"127",-73.9392473177305,40.8198674034145,38.8,0.0691565239897874,40.8195505924385,-73.9390099249195,40.8201842143905,-73.9394847105415,2.875,25,5.4,0.775,0,0,0,0.3,0.15,0.325
"128",-73.9805885818352,40.726362440166,36.7142857142857,0.0876161588029855,40.7264014798645,-73.9812171991926,40.7263234004674,-73.9799599644778,2.07142857142857,20.3571428571429,0.571428571428571,0.428571428571429,0,0,0,0.0357142857142857,0,0
"129",-73.9790522896084,40.7863109109227,38.7826086956522,0.0592554615152885,40.7860247060738,-73.9788922926085,40.7865971157716,-73.9792122866081,1.60869565217391,25,0.108695652173913,0.239130434782609,0,0,0,0,0,0
"130",-73.9574389618545,40.7615844428047,34.4,0.068405916753328,40.761478345095,-73.9578661250097,40.7616905405143,-73.9570117986994,4.25,27.625,2.9,1.75,0,0,0.1,0.025,0,0
"131",-73.9822149988069,40.7735607989374,42.2820512820513,0.0626386474369198,40.7732477761061,-73.9819944577183,40.7738738217686,-73.9824355398954,4.23076923076923,25,1.92307692307692,1.17948717948718,0.0256410256410256,0,0,0,0,0
"132",-73.9354979828802,40.8289555619705,33.3424657534247,0.0361661582547937,40.8287655697518,-73.9354248739066,40.8291455541892,-73.935571091854,7.02739726027397,25,20.4931506849315,6.49315068493151,0.0136986301369863,6.02739726027397,3.56164383561644,0.301369863013699,0.219178082191781,0.191780821917808
"133",-73.997626641156,40.7546579352483,35.8488372093023,0.0404423090833019,40.7544831679302,-73.9976138616255,40.7548327025663,-73.9976394206864,1.84883720930233,25,0.720930232558139,0.267441860465116,0.0348837209302326,0,0,0,0,0
"134",-73.9558510587656,40.7710013249737,49.2727272727273,0.0959657649362002,40.7710937173224,-73.9565586001988,40.770908932625,-73.9551435173324,4.6969696969697,25,1.03030303030303,0.484848484848485,0.121212121212121,0,0,0.0909090909090909,0,0
"135",-73.9098015781479,40.8758098070615,34,0.0595826431521129,40.8755936305603,-73.909899180487,40.8760259835627,-73.9097039758087,0,25,0,0,0,0,0,0,0,0
"136",-74.013529455334,40.7021078618301,29.8125,0.052257510747256,40.7020901058371,-74.0137548480879,40.7021256178232,-74.01330406258,3.16666666666667,28.3333333333333,26.7083333333333,6.72916666666667,0.291666666666667,0.375,0.8125,0.3125,1.54166666666667,4.0625
"137",-74.0029128939534,40.7162889518328,33.7818181818182,0.0496856521799857,40.7161863990885,-74.003075675729,40.7163915045771,-74.0027501121779,1.56363636363636,25,0.418181818181818,1.52727272727273,0,0,0,0,0,0
"138",-73.9489204655294,40.8337569701822,31.0909090909091,0.0676693083088148,40.8333710982943,-73.9489723817439,40.8341428420701,-73.9488685493148,1.20454545454545,25,1.20454545454545,0.0227272727272727,0,0.113636363636364,0.522727272727273,0.0227272727272727,0,0.0681818181818182
"139",-73.9457625304092,40.8503080184797,38.9411764705882,0.0668887458223594,40.8501566307791,-73.9452515698917,40.8504594061803,-73.9462734909266,0,43.8235294117647,0,0,0,0,0,0,0,0
"140",-73.9943991157826,40.7340418885635,38.2068965517241,0.103135223688482,40.7339004003367,-73.994464648767,40.7341833767903,-73.9943335827982,2.93103448275862,25,0.517241379310345,1.24137931034483,0,0.0344827586206897,0,0.0344827586206897,0,0
"141",-73.9958327971575,40.7456862617498,48.6206896551724,0.112208334887799,40.7452242453021,-73.9952093132343,40.7461482781975,-73.9964562810806,6.20689655172414,25,1.17241379310345,1.17241379310345,0.0344827586206897,0,0,0.0344827586206897,0.0344827586206897,0
"142",-73.9335108225372,40.8055614679614,38.5416666666667,0.0497917520713049,40.8054487872524,-73.9336217796226,40.8056741486705,-73.9333998654517,5.04166666666667,25,28.5208333333333,0.770833333333333,0.0208333333333333,17.6458333333333,1.77083333333333,0.333333333333333,0.270833333333333,0.145833333333333
"143",-73.9512796781556,40.7759842544979,50.3225806451613,0.0937249736649513,40.7760538664761,-73.9519629904514,40.7759146425197,-73.9505963658598,4.80645161290323,25,1.16129032258065,0.193548387096774,0.0645161290322581,0,0,0.0967741935483871,0,0
"144",-73.9918403623164,40.7401984067708,46.2,0.0907448401000318,40.7398816352798,-73.9916224150239,40.7405151782618,-73.992058309609,21.2666666666667,25,17.1666666666667,25.2,5.46666666666667,9.06666666666667,0,1.9,14.4,8.4
"145",-74.0110677042061,40.7087931930303,29.8775510204082,0.0480341328992093,40.7086411561396,-74.0110703874644,40.708945229921,-74.0110650209478,2.48979591836735,25,13.2040816326531,3.6530612244898,0.163265306122449,0.142857142857143,0.0408163265306122,0.102040816326531,0.877551020408163,0.346938775510204
"146",-73.9837845970561,40.7216878977505,33.6521739130435,0.0620261225426007,40.7217087319754,-73.984179676341,40.7216670635256,-73.9833895177713,1.82608695652174,21.7391304347826,0.0434782608695652,0.130434782608696,0,0,0,0.0217391304347826,0,0
"147",-73.9778614606284,40.7648774957419,46.9259259259259,0.0987860698198515,40.7644746598342,-73.9774402838581,40.7652803316496,-73.9782826373987,10.1481481481481,23.5185185185185,8.7037037037037,3.88888888888889,0.259259259259259,0.0740740740740741,0,0.333333333333333,0.888888888888889,0.148148148148148
"148",-73.959683760569,40.8006598941847,44,0.0674857636971238,40.8003515363489,-73.9594899625438,40.8009682520205,-73.9598775585941,1.76315789473684,25,1.28947368421053,2.55263157894737,0.0789473684210526,0,0,0.157894736842105,0.105263157894737,0.0526315789473684
"149",-73.9243674599928,40.8760560619026,32.8888888888889,0.172349194007669,40.8751021023655,-73.9253731390412,40.8770100214398,-73.9233617809443,0,38.3333333333333,0,0,0,0,0,0,0,0
"150",-73.9541979117697,40.8195376421264,38.2272727272727,0.0607303096305741,40.819244256646,-73.9540872998981,40.8198310276067,-73.9543085236413,2.15909090909091,25,1.59090909090909,0.25,0,0.0681818181818182,0,0.0454545454545455,0.0681818181818182,0.0227272727272727
"151",-74.0089826905986,40.7301439128343,39.5714285714286,0.0548805384843192,40.7299220957847,-74.008757953752,40.7303657298839,-74.0092074274452,1.57142857142857,25,1.80952380952381,0.5,0.0476190476190476,0.0476190476190476,0.0714285714285714,0.0476190476190476,0,0.0238095238095238
"152",-73.969460954548,40.7661445073263,38.3555555555556,0.0669340488950062,40.7660433938908,-73.969775169832,40.7662456207618,-73.969146739264,2.64444444444444,25,1.08888888888889,1.8,0.0666666666666667,0.0222222222222222,0,0.0222222222222222,0,0
"153",-73.9750076316395,40.7251070539008,38.8857142857143,0.0874471894033238,40.7248583084874,-73.9754684698033,40.7253557993142,-73.9745467934757,5.05714285714286,20.2857142857143,10.0571428571429,1.34285714285714,0.0571428571428571,1.6,2.34285714285714,0.285714285714286,0.228571428571429,0.257142857142857
"154",-73.99698646406,40.7251024735376,32.8679245283019,0.0512732160490464,40.7248733283505,-73.9970327350687,40.7253316187247,-73.9969401930514,3.13207547169811,25,0.377358490566038,0.867924528301887,0,0.0188679245283019,0,0.113207547169811,0.245283018867925,0.0377358490566038
"155",-73.9659705838089,40.8059553148187,35.8620689655172,0.0816756681939772,40.8055160942447,-73.9659527452002,40.8063945353927,-73.9659884224176,1.93103448275862,25,4.87931034482759,0.810344827586207,0.0862068965517241,1.24137931034483,0.0172413793103448,0.0689655172413793,0.0517241379310345,0.0517241379310345
"156",-73.9647453611542,40.7535870778524,32.8571428571429,0.0557120570880322,40.7535162604915,-73.965097509425,40.7536578952133,-73.9643932128834,1.79591836734694,25,0.693877551020408,0.306122448979592,0.0612244897959184,0,0.0204081632653061,0.122448979591837,0,0
"157",-73.9377037189124,40.8546227992881,30.5588235294118,0.125563561201612,40.8538836000331,-73.9379645109117,40.8553619985431,-73.9374429269131,0.5,20.2941176470588,0,0,0,0,0,0,0,0
"158",-73.9673003483332,40.7912977581835,49.75,0.119480298059014,40.7907750320121,-73.9668490422115,40.7918204843549,-73.967751654455,2.58333333333333,25,0.375,0.5,0,0,0,0,0,0
"159",-73.9458980210769,40.7747938665848,44,0.0964036235143464,40.7746425514701,-73.9464818479642,40.7749451816995,-73.9453141941897,0.806451612903226,25,1.54838709677419,0.193548387096774,0,0,0.0645161290322581,0,0,0
"160",-74.0165718257649,40.6879512767161,16.9655172413793,0.046243023864009,40.6879133874764,-74.0162739581038,40.6879891659557,-74.016869693426,0,25,0,0,0,0,0,0,0,0
"161",-73.9428976755721,40.7692635786634,19.1578947368421,0.046253171981716,40.7690882682056,-73.9430112817769,40.7694388891212,-73.9427840693674,17.2105263157895,25,21.3684210526316,4.78947368421053,0,1.73684210526316,12.4210526315789,1.36842105263158,0.473684210526316,0.842105263157895
"162",-73.9853164588078,40.7339962936278,43.3714285714286,0.0750000638700533,40.7340445614655,-73.9858208046198,40.7339480257901,-73.9848121129959,4.4,25,0.314285714285714,0.657142857142857,0,0,0,0.0571428571428571,0.114285714285714,0
"163",-73.9487799551293,40.8084831698229,41.8064516129032,0.0787635887208964,40.8081510394009,-73.9483784722797,40.8088153002449,-73.9491814379788,2.48387096774194,25,5.7741935483871,1.32258064516129,0,0.129032258064516,0.161290322580645,0.387096774193548,0.32258064516129,0.225806451612903
"164",-73.9237219169119,40.7876357955357,21.4,0.0417621111622417,40.7875035724635,-73.9239216659216,40.7877680186079,-73.9235221679021,0.0571428571428571,25,0.1,0.457142857142857,0,0,0,0,0,0
"165",-73.9304776626769,40.785935799124,24.8636363636364,0.0842338501265053,40.7861995546452,-73.9303467041004,40.7856720436029,-73.9306086212535,3.56818181818182,25,8.20454545454546,1.22727272727273,1.56818181818182,1.5,3.5,0.25,0,0.113636363636364
"166",-73.952328787087,40.8042029434467,42.9767441860465,0.0618695449890872,40.8039038247415,-73.9521189690771,40.8045020621518,-73.9525386050969,1.30232558139535,25,0.162790697674419,0.255813953488372,0,0,0,0,0,0
"167",-73.9400844909076,40.8256549052179,40.2941176470588,0.0622641503779182,40.8253736924151,-73.9398901200846,40.8259361180207,-73.9402788617306,1.61764705882353,25,0.117647058823529,0.117647058823529,0,0,0,0,0,0
"168",-73.9397101300466,40.8030865173309,36.5833333333333,0.0543586896847638,40.8030609922655,-73.9400820160554,40.8031120423964,-73.9393382440379,3.875,25,9.04166666666667,0.125,0.1875,0.0416666666666667,0,0.104166666666667,0.145833333333333,0.125
"169",-73.9259164556424,40.8616859905769,41.7954545454545,0.0626494204676738,40.8613479982626,-73.9260052837085,40.8620239828912,-73.9258276275764,1.38636363636364,25,0,0,0,0,0,0,0,0
"170",-73.9727953906372,40.7584305127503,39.5744680851064,0.0613001996768407,40.758407860086,-73.9732163960762,40.7584531654146,-73.9723743851983,3.31914893617021,25,1.04255319148936,2,0,0,0.106382978723404,0.0425531914893617,0.276595744680851,0.0425531914893617
"171",-73.9866241300844,40.7179673177296,32.3333333333333,0.0451843465331025,40.7179298887387,-73.986810718052,40.7180047467205,-73.9864375421169,3.98039215686275,26.3725490196078,1.74509803921569,0.137254901960784,0.0196078431372549,0.137254901960784,0.156862745098039,0.0392156862745098,0.117647058823529,0
"172",-73.9399080169197,40.8345501640576,43.2,0.0618422197856917,40.8342383790124,-73.9398024915936,40.8348619491028,-73.9400135422459,0.875,25,0.1,0,0,0,0,0,0,0
"173",-73.9474120103649,40.8176008148536,44,0.0718524799768547,40.8172051976962,-73.9473894978713,40.817996432011,-73.9474345228585,3.13333333333333,25,5.06666666666667,0.333333333333333,0,0.166666666666667,0.3,0.2,0.466666666666667,0.666666666666667
"174",-73.9532469180445,40.766343487463,36.5714285714286,0.0922299716968237,40.7662895029431,-73.9538650058152,40.7663974719829,-73.9526288302739,4,25,3,0.914285714285714,0.0571428571428571,0.0571428571428571,0.371428571428571,0.114285714285714,0,0
"175",-73.9384995251642,40.8444799728294,43.6046511627907,0.059947203015357,40.8442040382659,-73.9382614118537,40.8447559073929,-73.9387376384747,1.53488372093023,25,0,0,0,0,0,0,0,0
"176",-74.0085089024768,40.7169334349939,38.3703703703704,0.0515521839892349,40.7167430850054,-74.0084120710455,40.7171237849824,-74.0086057339082,2.51851851851852,25,7.31481481481481,1.35185185185185,0.0185185185185185,0,0,0.12962962962963,0.0925925925925926,0.0555555555555556
"177",-73.9878611818828,40.7779802067254,43.4285714285714,0.0728695246565521,40.7775877024603,-73.9878296151775,40.7783727109905,-73.9878927485881,1.0952380952381,32.1428571428571,0.761904761904762,0.666666666666667,0,0.428571428571429,0.0476190476190476,0.0952380952380952,0,0
"178",-74.0143538423236,40.7163471074543,40.75,0.041642961429867,40.7161246104982,-74.0143093280228,40.7165696044104,-74.0143983566245,1.75,25,19.625,0.895833333333333,0.458333333333333,1.60416666666667,0.229166666666667,0.0208333333333333,0,0.0416666666666667
"179",-73.9512732447833,40.8000129731339,35.9473684210526,0.0524273427152501,40.7997680645699,-73.9511164233947,40.8002578816979,-73.951430066172,2.31578947368421,25,0.947368421052632,1.05263157894737,0,0.131578947368421,0.0263157894736842,0.131578947368421,0.105263157894737,0.0263157894736842
"180",-74.0034978298404,40.7241499150668,34.6808510638298,0.0608580591628217,40.7238971528227,-74.0034900759624,40.7244026773109,-74.0035055837183,2.04255319148936,25,0.106382978723404,1.21276595744681,0,0,0,0.0425531914893617,0.127659574468085,0
"181",-73.9748565861246,40.7845998021547,47.76,0.0994382472023386,40.7841802522166,-73.974345535494,40.7850193520928,-73.9753676367553,2.84,25,0.64,1.4,0,0,0,0,0,0
"182",-74.006677997574,40.7481449989407,40.25,0.0510215111648826,40.7478827909781,-74.0065220465894,40.7484072069034,-74.0068339485586,2.95454545454545,31.3636363636364,1.63636363636364,1.06818181818182,0.0454545454545455,0.0227272727272727,0,0,0,0.181818181818182
"183",-73.9900120788661,40.7354991024251,35.5116279069767,0.0586664472445628,40.7354269205994,-73.9903664546738,40.735571284251,-73.9896577030584,5.34883720930233,25,4.09302325581395,1.34883720930233,0,0.0465116279069767,0,0.0930232558139535,0.697674418604651,0.13953488372093
"184",-73.9612328837591,40.7728184687563,40.7555555555556,0.0614766232397124,40.7727910703706,-73.9616536567534,40.7728458671419,-73.9608121107647,3.51111111111111,25,1.91111111111111,4.26666666666667,0.133333333333333,0.155555555555556,0,0.0444444444444444,0.0222222222222222,0.111111111111111
"185",-73.9651913120376,40.7656932135594,42.4324324324324,0.0648148001550737,40.765685710361,-73.9656387541145,40.7657007167577,-73.9647438699609,3.24324324324324,25,0.378378378378378,1.35135135135135,0,0,0,0.027027027027027,0.27027027027027,0
"186",-73.9766206652791,40.7730081643174,38.7428571428571,0.0722465273423802,40.7727613211642,-73.9765081735878,40.7732550074706,-73.9767331569705,2.54285714285714,24.8571428571429,1.08571428571429,6.91428571428571,0,0.0285714285714286,0,0.0285714285714286,0,0.114285714285714
"187",-73.9811950699553,40.7459530137793,38.2040816326531,0.0551253828488037,40.7459321670681,-73.9815727998527,40.7459738604906,-73.9808173400578,2.59183673469388,25,1.26530612244898,0.73469387755102,0.0816326530612245,0,0,0.0612244897959184,0,0
"188",-73.9384838258184,40.7911415581138,43.6756756756757,0.0884859984112375,40.7909589124273,-73.9390007590123,40.7913242038002,-73.9379668926245,2.43243243243243,25,1.27027027027027,2.94594594594595,0.27027027027027,0.216216216216216,0.216216216216216,0.243243243243243,0.027027027027027,0.108108108108108
"189",-74.01585493342,40.7054982310195,31.6385542168675,0.036837461624833,40.7054003717959,-74.0158493130741,40.7055960902432,-74.0158605537659,1.63855421686747,26.566265060241,4.33734939759036,0.566265060240964,0.036144578313253,0.120481927710843,0.132530120481928,0.0602409638554217,0.180722891566265,0.180722891566265
"190",-74.0058753047188,40.7205633352164,39.9014084507042,0.0433347365415484,40.7204211722426,-74.005870903097,40.7207054981902,-74.0058797063407,3.25352112676056,25,3.38028169014085,0.619718309859155,0.0563380281690141,0.028169014084507,0,0.0140845070422535,0.197183098591549,0.0422535211267606
"191",-73.9594212190701,40.7586261738446,30.8533333333333,0.0454003226314231,40.7586760486486,-73.9597204065111,40.7585762990406,-73.9591220316291,2.17333333333333,33.9333333333333,11.0133333333333,7.72,0.106666666666667,0.24,1.16,0.386666666666667,0.453333333333333,0.186666666666667
"192",-73.9877990502,40.7656715931579,47,0.117367883280783,40.7651976938557,-73.9871041616527,40.7661454924601,-73.9884939387474,6.04,25.8,0.52,0.96,0.04,0,0,0,0,0
"193",-73.9742859289507,40.7501235646917,48.4722222222222,0.0704509249810342,40.7501408247834,-73.9747673821504,40.7501063046001,-73.9738044757511,8.08333333333333,25,4.5,1.33333333333333,0.0555555555555556,0.0277777777777778,0.0277777777777778,0.305555555555556,0.583333333333333,0.166666666666667
"194",-73.9791712226267,40.753409638681,43.7073170731707,0.0715042320605907,40.7532681034405,-73.9793422107718,40.7535511739215,-73.9790002344815,13.1707317073171,25,11.9756097560976,7.19512195121951,0.0975609756097561,0.24390243902439,0,0.341463414634146,0.463414634146341,0.975609756097561
"195",-73.9850358257572,40.7811041140715,41.7692307692308,0.0744256228565725,40.7807302187217,-73.9849215099158,40.7814780094213,-73.9851501415986,1.76923076923077,30.7692307692308,1.84615384615385,0.576923076923077,0,1.38461538461538,0.0769230769230769,0.115384615384615,0,0
"196",-73.995881012718,40.7087711617224,31.7931034482759,0.0712642493690418,40.7088314358651,-73.9964257781493,40.7087108875797,-73.9953362472867,20.3448275862069,25,96.5172413793103,10.6206896551724,0.0689655172413793,3.6551724137931,14.8965517241379,0.724137931034483,0.379310344827586,1.68965517241379
"197",-73.9182894842843,40.8642319109801,47.7878787878788,0.064178352937349,40.863940734937,-73.9182784471772,40.8645230870232,-73.9183005213913,21.6969696969697,25,52.4848484848485,0.212121212121212,0.151515151515152,37.8181818181818,9.60606060606061,1.12121212121212,0.848484848484849,0.333333333333333
"198",-73.9516548416716,40.78629262797,40.046511627907,0.0616186960089958,40.7862525453615,-73.9520719087385,40.7863327105785,-73.9512377746046,3.97674418604651,25,0.255813953488372,0.627906976744186,0.0465116279069767,0,0,0.0232558139534884,0,0.0232558139534884
"199",-73.9925162534185,40.7251524229062,39.8857142857143,0.0454566201376469,40.7250569888784,-73.9927289636049,40.7252478569341,-73.9923035432321,2.67142857142857,25,0.214285714285714,0.228571428571429,0,0,0,0,0,0
"200",-73.9883608089023,40.7129016008623,41.6969696969697,0.0836976015385754,40.712979341232,-73.9888944625318,40.7128238604925,-73.9878271552728,1.33333333333333,25,0.575757575757576,0.181818181818182,0,0,0.0606060606060606,0,0.151515151515152,0
"201",-74.0083302335839,40.7622336198196,26,0.0870732449315673,40.7619414575322,-74.0075948699726,40.762525782107,-74.0090655971952,19.3846153846154,35,167.846153846154,19,58.6153846153846,202.307692307692,16.6153846153846,1.07692307692308,0.0769230769230769,1.84615384615385
"202",-73.9869637918078,40.7524516701309,49.4390243902439,0.078258466187812,40.7521038012861,-73.9865975542513,40.7527995389758,-73.9873300293644,9.5609756097561,25,3.97560975609756,13.7560975609756,0.24390243902439,0.0975609756097561,0,0.439024390243902,0.219512195121951,0.0487804878048781
"203",-73.9348321184955,40.8012042290968,42,0.0572002400100568,40.8012001036147,-73.9352096797362,40.8012083545789,-73.9344545572548,2.61904761904762,25,0.761904761904762,0.261904761904762,0.285714285714286,0,0,0.0476190476190476,0,0
"204",-73.9437069125174,40.8447606911229,32.4307692307692,0.0646858330474597,40.8445234070003,-73.9436753461935,40.8449979752456,-73.9437384788413,0.923076923076923,31.5384615384615,0,0,0,0,0,0,0,0
"205",-73.9753852529367,40.7342623575516,31.4583333333333,0.0466902518555533,40.7341778881108,-73.975533827437,40.7343468269924,-73.9752366784362,2.47916666666667,25,1.625,0,0,1.97916666666667,1.27083333333333,0.145833333333333,0,0.0625
"206",-73.9783283279132,40.7406768182365,51.8,0.0779094933616776,40.740703661017,-73.9788853753716,40.740649975456,-73.9777712804549,5.42857142857143,25,11.9142857142857,24.3142857142857,0.0857142857142857,0.2,0.0571428571428571,0.542857142857143,1.8,0.942857142857143
"207",-73.9352201500757,40.8187446336733,39.7714285714286,0.0498205976949914,40.8184806942011,-73.9351103725658,40.8190085731455,-73.9353299275855,12.0857142857143,25,27.2,14.5428571428571,0.0571428571428571,34.6571428571429,4.97142857142857,1,1.08571428571429,0.657142857142857
"208",-73.9996942969591,40.708212080389,26,0.0299215145025206,40.7082080061025,-73.9998487220954,40.7082161546755,-73.9995398718229,0.616438356164384,29.3150684931507,1.45205479452055,0.0136986301369863,0,0.273972602739726,0.561643835616438,0.0410958904109589,0,0
"209",-74.0142575191766,40.6968405306294,37.6842105263158,0.0520183898524295,40.6964839025634,-74.0140974735653,40.6971971586954,-74.0144175647878,0.210526315789474,32.1052631578947,0,0,0,0,0,0,0,0
"210",-73.9596928342879,40.8117985038026,41.2777777777778,0.0651567023766416,40.8114864009688,-73.9595256098915,40.8121106066365,-73.9598600586843,3.11111111111111,25,7.44444444444444,0.722222222222222,0,0.111111111111111,0.416666666666667,0.0277777777777778,0,0.0833333333333333
"211",-73.9606979219024,40.8178101062525,42.4897959183673,0.0564020370424235,40.8175351488044,-73.9607423341585,40.8180850637006,-73.9606535096462,0.816326530612245,25,5.38775510204082,1.14285714285714,0.0204081632653061,0.183673469387755,0.0408163265306122,0,0.0204081632653061,0.183673469387755
"212",-73.9682210643242,40.7517921478688,33.8695652173913,0.0691985475225054,40.7516053245793,-73.9686430449353,40.7519789711584,-73.967799083713,1.43478260869565,25,0.478260869565217,0.91304347826087,0.0652173913043478,0.0434782608695652,0,0,0,0
"213",-73.948586518736,40.7933265427069,37.7674418604651,0.0526041554861424,40.7932642294273,-73.9489321295931,40.7933888559866,-73.9482409078789,2.46511627906977,25,0.372093023255814,0.767441860465116,0.0930232558139535,0.0232558139534884,0,0,0,0
"214",-73.9647140365028,40.7755545669695,38.6666666666667,0.0922165645248855,40.7752802187199,-73.9649854001299,40.7758289152191,-73.9644426728758,3.88888888888889,25,1.62962962962963,2.59259259259259,0,0,0,0.111111111111111,0,0.037037037037037
"215",-73.9766765689961,40.7147751390717,25.3932584269663,0.0327686154823313,40.7147418646884,-73.9768626754081,40.7148084134549,-73.9764904625839,0.752808988764045,32.3033707865169,0.741573033707865,0.0224719101123595,0,0.213483146067416,0.404494382022472,0.101123595505618,0,0.0898876404494382
"216",-73.953108807694,40.7573721850563,24.875,0.068124321309984,40.7574068078079,-73.9535890911409,40.7573375623047,-73.952628524247,72.84375,30.9375,171.46875,18.84375,1.09375,202.5,43.09375,4.875,5.8125,1.84375
"217",-73.9330454710639,40.8521411019612,41.5510204081633,0.0635268167123778,40.8518241050629,-73.932903451519,40.8524580988594,-73.9331874906089,1.06122448979592,22.6530612244898,0,0,0,0,0,0,0,0
"218",-73.9311866542362,40.8630944278282,35.9666666666667,0.068657647956369,40.8628420709592,-73.9312763745719,40.8633467846972,-73.9310969339005,0.166666666666667,25,0,0,0,0,0,0,0,0
"219",-73.9677527852645,40.7607653938723,46,0.0741076043402421,40.7607880079662,-73.9682793622446,40.7607427797784,-73.9672262082845,10.6315789473684,25,11.3684210526316,14.8684210526316,0.289473684210526,0.210526315789474,0,0.710526315789474,2.18421052631579,0.342105263157895
"220",-73.9486492964823,40.7818571990233,51.4,0.0940742694143399,40.7819410593737,-73.94934040586,40.781773338673,-73.9479581871048,4.4,25,1.73333333333333,2.26666666666667,0,0.1,0,0.266666666666667,0.0666666666666667,0
"221",-73.9431845192602,40.8003246611191,39.1923076923077,0.056853492390026,40.8002560102531,-73.9435572899992,40.8003933119851,-73.9428117485213,3.25,25,1.13461538461538,1.84615384615385,0.173076923076923,0.0769230769230769,0,0.307692307692308,0,0.0576923076923077
"222",-74.0110483452736,40.7049926342552,24.6,0.0475595247052806,40.7050052493313,-74.011132065305,40.704980019179,-74.0109646252423,1.725,25,0.525,18.025,0,0.025,0,0.05,0.05,0
"223",-73.9706817451442,40.7973330442654,37.3469387755102,0.0585674860965502,40.7970531821615,-73.9705577566692,40.7976129063693,-73.9708057336192,1.55102040816327,25,0.163265306122449,0.0408163265306122,0,0,0,0.0408163265306122,0,0
"224",-73.9727308839339,40.7934274418464,42.75,0.0495994198995161,40.7931741102486,-73.9726801090141,40.7936807734441,-73.9727816588537,4.85,25,3.975,0.825,0,0,0,0.05,0.375,0.1
"225",-73.9544744636061,40.7907353648284,38.5625,0.0656408652984566,40.7905209100797,-73.9546300907382,40.7909498195771,-73.9543188364741,2.09375,25,0.28125,0.4375,0.03125,0,0,0,0,0
"226",-73.944266986797,40.8213043010052,42.9411764705882,0.0693176707698893,40.8209562301288,-73.9441338806458,40.8216523718816,-73.9444000929483,2.11764705882353,25,0.264705882352941,0.0588235294117647,0,0,0,0.0294117647058824,0,0
"227",-73.9970590947999,40.7209610339943,32.0526315789474,0.0595156559049512,40.7206592822594,-73.9971108123349,40.7212627857294,-73.9970073772649,3.55263157894737,25,0.263157894736842,1.21052631578947,0,0,0,0,0.0263157894736842,0
"228",-73.9794498090085,40.7208439038472,37.4117647058824,0.0607796922275533,40.7208363968554,-73.9798484916452,40.720851410839,-73.9790511263719,2.05882352941176,20.8823529411765,2.08823529411765,1.79411764705882,0,0.0294117647058824,0,0.205882352941176,0,0
"229",-73.9582070056592,40.8053610961532,41.7948717948718,0.0694694032379446,40.805018568154,-73.9580292378133,40.8057036241523,-73.9583847735052,2.28205128205128,25,0.871794871794872,0.435897435897436,0,0,0,0,0.0512820512820513,0
"230",-73.9684463108991,40.7712962517814,36.96,0.0692905833350879,40.7711695378785,-73.9686782804869,40.7714229656844,-73.9682143413113,2.88,24.6,4.04,9.92,0.04,0.08,0,0.32,0.12,0.8
"231",-74.0018746819876,40.7442843359167,51.5,0.109319831119281,40.7438349166915,-74.0012737746717,40.7447337551419,-74.0024755893034,4.78571428571429,25.3571428571429,1,0.75,0,0,0,0,0,0
"232",-73.9441580414467,40.835036186094,38.8837209302326,0.0599751143775862,40.8347588564888,-73.9439718533169,40.8353135156992,-73.9443442295766,2.13953488372093,25,0.27906976744186,0.651162790697674,0,0,0,0,0.0930232558139535,0
"233",-73.9562579411652,40.7766755455659,45.9354838709677,0.0797760442345488,40.7767123720041,-73.956831197114,40.7766387191276,-73.9556846852163,4.25806451612903,25,0.258064516129032,0.580645161290323,0.032258064516129,0,0,0.0645161290322581,0.225806451612903,0.0967741935483871
"234",-73.9438701660136,40.8095438183871,33.4857142857143,0.0834836492122218,40.8091852764628,-73.9434721501094,40.8099023603113,-73.9442681819178,3.28571428571429,25,0.257142857142857,0.171428571428571,0.0285714285714286,0,0,0,0,0
"235",-74.0089081681311,40.739233460804,32.3255813953488,0.0593973041577349,40.7390015864639,-74.0086967391829,40.7394653351441,-74.0091195970792,1.09302325581395,25,0.720930232558139,1,0.0232558139534884,0,0,0.0697674418604651,0,0.0465116279069767
"236",-73.9478784652263,40.7975569020269,46.3333333333333,0.0564697431279302,40.7974835387626,-73.9481380555105,40.7976302652911,-73.9476188749421,2.86666666666667,25,0.1,0.233333333333333,0.133333333333333,0.166666666666667,0,0.0333333333333333,0,0
"237",-74.0002637231291,40.7347145055831,35.6896551724138,0.0510972995687867,40.7345175259223,-74.0000700804351,40.7349114852439,-74.000457365823,2.20689655172414,23.9655172413793,0.482758620689655,0.603448275862069,0,0,0,0.0172413793103448,0,0
"238",-73.9931238703652,40.7519126928814,51.5,0.117291733974142,40.7514293830691,-73.9924707843993,40.7523960026938,-73.9937769563311,48.625,25,11.0833333333333,14.125,1.33333333333333,2,0,0.333333333333333,1.125,0.916666666666667
"239",-73.9718531049731,40.7443264273698,32.875,0.0488269928304564,40.744118897412,-73.9721031392572,40.7445339573276,-73.971603070689,6.32142857142857,31.1607142857143,5.80357142857143,0.785714285714286,0.0178571428571429,1.19642857142857,3.01785714285714,0.142857142857143,0,0.0357142857142857
"240",-73.9870676203663,40.7706928124022,49.7272727272727,0.104586621512122,40.7702606337528,-73.986493272993,40.7711249910515,-73.9876419677395,6.18181818181818,25,22.5909090909091,1.5,0,0.136363636363636,0.136363636363636,0.227272727272727,0.318181818181818,0.136363636363636
"241",-73.9780757935816,40.758952630339,41.2571428571429,0.0860723799851122,40.7587107328344,-73.977890007746,40.7591945278436,-73.9782615794172,9.22857142857143,25,29.4857142857143,38.1428571428571,0.4,0.542857142857143,0,0.971428571428571,1.85714285714286,1.11428571428571
"242",-73.9622750468217,40.7927672027183,34.8260869565217,0.0610969016883861,40.7925465686791,-73.9622380657128,40.7929878367576,-73.9623120279306,1.69565217391304,25,3.1304347826087,2.47826086956522,0,0.0434782608695652,0,0.478260869565217,0.869565217391304,0.217391304347826
"243",-73.981461186966,40.7315217533357,40.6923076923077,0.0654117636421447,40.7315646273251,-73.9819288470813,40.7314788793464,-73.9809935268507,3.35897435897436,23.0769230769231,5.58974358974359,5.02564102564103,0.102564102564103,0.128205128205128,0,0.358974358974359,1.15384615384615,0.153846153846154
"244",-73.969252263003,40.7847089690336,42.5833333333333,0.108712570630855,40.7842556748709,-73.9689884013041,40.7851622631962,-73.969516124702,3.66666666666667,25,1,1.79166666666667,0,0,0,0.0833333333333333,0.375,0.0416666666666667
"245",-73.918958199254,40.8697658753864,37.5714285714286,0.0742310412527821,40.8694325494112,-73.9191044681754,40.8700992013617,-73.9188119303327,0.75,20.8928571428571,0,0,0,0,0,0,0,0
"246",-74.0049632803878,40.7304853121013,34.1276595744681,0.0520980947229235,40.7303803924762,-74.0047122739659,40.7305902317264,-74.0052142868096,1.74468085106383,22.1276595744681,0.106382978723404,0.127659574468085,0.0425531914893617,0,0,0,0,0
"247",-73.9985572933392,40.7133728500896,32.3333333333333,0.0422512858911161,40.7133003080557,-73.9986848276589,40.7134453921235,-73.9984297590194,1.90196078431373,25,1.66666666666667,0.411764705882353,0,0,0,0.0392156862745098,0,0
"248",-73.9803688401588,40.782004472308,41.219512195122,0.0669439107466943,40.7816953107591,-73.980099863103,40.7823136338568,-73.9806378172146,3.85365853658537,25,8.95121951219512,26.4878048780488,0.024390243902439,0.414634146341463,0.536585365853659,0.0975609756097561,0,0.0487804878048781
"249",-73.9403111178415,40.8141317735951,37.5555555555556,0.0682951595397225,40.81382102413,-73.9400678620647,40.8144425230602,-73.9405543736182,3.27777777777778,25,0.388888888888889,0.555555555555556,0,0,0,0.0555555555555556,0.111111111111111,0
"250",-73.9348212230727,40.8418970803917,41.1470588235294,0.0824030540340862,40.8414208976822,-73.9348769565712,40.8423732631013,-73.9347654895743,0.911764705882353,27.2058823529412,0.176470588235294,0.0882352941176471,0,0,0,0,0,0
